road,id,model_type,name,lat,lon,length,condition,lenghtR,lenghtL,conditionR,conditionL,bridgedual
N1,1000000,sink,N1_start,23.7060278,90.443333,0.0,,,,,,
N1,1000001,link,N1_LRPS_LRP001A,23.7060278,90.443333,1800.0,,,,,,
N1,1000002,bridge,N1_LRP001A_LRP001A_E,23.69873866,90.45886107999999,11.3,0,,,,,
N1,1000003,link,N1_LRP001A_E_LRP004B,23.69869063161,90.45895838543,3113.7,,,,,,
N1,1000004,bridge,N1_LRP004B_LRP004B_E,23.694663836363635,90.48777491818183,6.6,0,,,,,
N1,1000005,link,N1_LRP004B_E_LRP008A,23.694671392363635,90.48783869898182,3079.3999999999996,,,,,,
N1,1000006,bridge,N1_LRP008A_LRP008B,23.7021111,90.5157778,395.615,1,,,,,
N1,1000007,link,N1_LRP008B_LRP010A,23.7045833,90.5188327,2113.999999999999,,,,,,
N1,1000008,bridge,N1_LRP010A_LRP010A_E,23.696423232098766,90.5351138419753,8.0,1,,,,,
N1,1000009,link,N1_LRP010A_E_LRP010B,23.69638015851852,90.53517557037037,329.0000000000024,,,,,,
N1,1000010,bridge,N1_LRP010B_LRP010B_E,23.69460875753086,90.53771415061728,6.3,0,,,,,
N1,1000011,link,N1_LRP010B_E_LRP010C,23.694574837086417,90.53776276172839,10.699999999999932,,,,,,
N1,1000012,bridge,N1_LRP010C_LRP010C_E,23.694517226172838,90.53784532345679,6.3,0,,,,,
N1,1000013,link,N1_LRP010C_E_LRP011A,23.694483305728394,90.5378939345679,392.6999999999996,,,,,,
N1,1000014,bridge,N1_LRP011A_LRP011A_E,23.692368931358022,90.5409240271605,8.3,0,,,,,
N1,1000015,link,N1_LRP011A_E_LRP012A,23.692324242518517,90.54098807037037,440.6999999999996,,,,,,
N1,1000016,bridge,N1_LRP012A_LRP012B,23.6911108,90.5448886,6.1,0,,,,,
N1,1000017,link,N1_LRP012B_LRP011C,23.6910552,90.5451386,36.999999999999034,,,,,,
N1,1000018,bridge,N1_LRP011C_LRP011C_E,23.690911931515153,90.54546249575758,10.6,1,,,,,
N1,1000019,link,N1_LRP011C_E_LRP013A,23.690870887030304,90.54555528751516,841.4000000000002,,,,,,
N1,1000020,bridge,N1_LRP013A_LRP013A_E,23.6853902496,90.5511231384,26.3,0,26.3,26.9,0,0,1
N1,1000021,link,N1_LRP013A_E_LRP013B,23.685170344779998,90.55125975112,1.6999999999995907,,,,,,
N1,1000022,bridge,N1_LRP013B_LRP013B_E,23.6851561304,90.5512685816,27.5,0,27.5,27.5,0,0,1
N1,1000023,link,N1_LRP013B_E_LRP014A,23.6849261919,90.5514114276,858.4999999999993,,,,,,
N1,1000024,bridge,N1_LRP014A_LRP014A_E,23.6778035,90.55581943499999,11.9,0,,,,,
N1,1000025,link,N1_LRP014A_E_LRP016A,23.677717225000002,90.55586901873,1879.0999999999992,,,,,,
N1,1000026,bridge,N1_LRP016A_LRP016A_E,23.663309069614982,90.56385699479709,5.55,1,,,,,
N1,1000027,link,N1_LRP016A_E_LRP016B,23.663264315015606,90.56388089791363,771.4500000000015,,,,,,
N1,1000028,bridge,N1_LRP016B_LRP016C,23.6591111,90.5697216,160.00000000000014,0,,,,,
N1,1000029,link,N1_LRP016C_LRP017A,23.6583056,90.5709993,428.9999999999985,,,,,,
N1,1000030,bridge,N1_LRP017A_LRP017B,23.6559722,90.5743327,159.51,2,,,,,
N1,1000031,link,N1_LRP017B_LRP017C,23.6559167,90.5745271,352.00000000000034,,,,,,
N1,1000032,bridge,N1_LRP017C_LRP017D,23.6540556,90.5772771,30.000000000001137,0,,,,,
N1,1000033,link,N1_LRP017D_LRP018A,23.6539167,90.5774993,628.9999999999977,,,,,,
N1,1000034,bridge,N1_LRP018A_LRP018B,23.6508889,90.5826382,20.45,0,20.45,20.25,0,0,1
N1,1000035,link,N1_LRP018B_LRP018D,23.6506944,90.5829993,189.00000000000006,,,,,,
N1,1000036,bridge,N1_LRP018D_LRP018C_E,23.649754399354837,90.58454900854838,25.5,1,25.5,25.5,1,1,1
N1,1000037,link,N1_LRP018C_E_LRP019B,23.649632547419355,90.58474989669355,624.5000000000013,,,,,,
N1,1000038,bridge,N1_LRP019B_LRP019B_E,23.6458849594,90.5890942802,40.33,1,40.33,40.33,1,1,1
N1,1000039,link,N1_LRP019B_E_LRP020A,23.645565678889,90.589281367037,977.6699999999998,,,,,,
N1,1000040,bridge,N1_LRP020A_LRP020A_E,23.638083270171148,90.59396407359414,6.0,0,,,,,
N1,1000041,link,N1_LRP020A_E_LRP020B,23.638042316870415,90.59399565427873,575.9999999999969,,,,,,
N1,1000042,bridge,N1_LRP020B_LRP020C,23.6341108,90.5970274,10.4,1,,,,,
N1,1000043,link,N1_LRP020C_LRP021D,23.6335552,90.5976941,742.0000000000008,,,,,,
N1,1000044,bridge,N1_LRP021D_LRP021C_E,23.628466850769232,90.6023015723077,89.75,0,89.75,89.75,0,0,1
N1,1000045,link,N1_LRP021C_E_LRP022A,23.62785469377641,90.60283849444923,492.94000000000085,,,,,,
N1,1000046,bridge,N1_LRP022A_LRP022B,23.6242216,90.6055278,5.5,1,,,,,
N1,1000047,link,N1_LRP022B_LRP022C,23.6224993,90.6066944,259.00000000000034,,,,,,
N1,1000048,bridge,N1_LRP022C_LRP022D,23.6204716,90.6079722,121.99999999999989,0,,,,,
N1,1000049,link,N1_LRP022D_LRP023D,23.6195271,90.6085833,707.0000000000007,,,,,,
N1,1000050,bridge,N1_LRP023D_LRP023D_E,23.6135814992,90.6109499656,119.32,0,119.32,119.32,0,0,1
N1,1000051,link,N1_LRP023D_E_LRP026A,23.612583936272,90.611281412696,2914.6800000000007,,,,,,
N1,1000052,bridge,N1_LRP026A_LRP026A_E,23.592894694599998,90.6279329892,5.6,0,,,,,
N1,1000053,link,N1_LRP026A_E_LRP026B,23.59285891676,90.62797063352001,331.40000000000214,,,,,,
N1,1000054,bridge,N1_LRP026B_LRP026B_E,23.5907416353,90.6301983706,5.5,0,,,,,
N1,1000055,link,N1_LRP026B_E_LRP027A,23.59070649635,90.6302353427,662.4999999999978,,,,,,
N1,1000056,bridge,N1_LRP027A_LRP027A_E,23.5862827529,90.6345798964,5.6,0,,,,,
N1,1000057,link,N1_LRP027A_E_LRP028A,23.58624479554,90.63461629864,542.3999999999971,,,,,,
N1,1000058,bridge,N1_LRP028A_LRP028B,23.5825827,90.6381386,172.1,0,173.25,172.1,0,0,1
N1,1000059,link,N1_LRP028B_LRP029A,23.577916,90.6419719,742.9999999999986,,,,,,
N1,1000060,bridge,N1_LRP029A_LRP029B,23.572166,90.6451108,29.77,0,29.77,29.425,0,0,1
N1,1000061,link,N1_LRP029B_LRP030A,23.5718327,90.6453052,1013.9999999999993,,,,,,
N1,1000062,bridge,N1_LRP030A_LRP030B,23.5639167,90.6501944,34.7,0,,,,,
N1,1000063,link,N1_LRP030B_LRP030C,23.5636944,90.6504722,532.0,,,,,,
N1,1000064,bridge,N1_LRP030C_LRP030D,23.5604167,90.6542222,38.000000000000256,0,,,,,
N1,1000065,link,N1_LRP030D_LRP031A,23.5602222,90.6545,173.00000000000182,,,,,,
N1,1000066,bridge,N1_LRP031A_LRP031A_E,23.5591486369338,90.6557523543554,26.85,0,26.85,26.85,0,0,1
N1,1000067,link,N1_LRP031A_E_LRP031B,23.558983617020907,90.65594205849304,413.14999999999816,,,,,,
N1,1000068,bridge,N1_LRP031B_LRP031C,23.5564444,90.6588611,40.0000000000027,0,,,,,
N1,1000069,link,N1_LRP031C_LRP032B,23.5562222,90.6591389,83.99999999999963,,,,,,
N1,1000070,bridge,N1_LRP032B_LRP032A_E,23.55570829012658,90.65974142455696,29.83,0,29.83,29.83,0,0,1
N1,1000071,link,N1_LRP032A_E_LRP032E,23.55553086886076,90.65994943898734,620.000000000001,,,,,,
N1,1000072,bridge,N1_LRP032E_LRP032D_E,23.551731699271844,90.66437614296116,29.9,0,29.9,29.9,0,0,1
N1,1000073,link,N1_LRP032D_E_LRP033A,23.551554374623787,90.6645816871966,681.1000000000007,,,,,,
N1,1000074,bridge,N1_LRP033A_LRP033B,23.5474163,90.6694438,5.2,0,,,,,
N1,1000075,link,N1_LRP033B_LRP034C,23.5469441,90.6699993,1202.999999999996,,,,,,
N1,1000076,bridge,N1_LRP034C_LRP034C_E,23.5393910168,90.6784577888,5.1,2,,,,,
N1,1000077,link,N1_LRP034C_E_LRP035A,23.53935871697,90.67849334702,524.9000000000024,,,,,,
N1,1000078,bridge,N1_LRP035A_LRP035B,23.536083,90.6821382,9.5,0,,,,,
N1,1000079,link,N1_LRP035B_LRP036B,23.5358608,90.6823604,727.0000000000039,,,,,,
N1,1000080,bridge,N1_LRP036B_LRP036A_E,23.531399660522272,90.68744892596007,25.45,0,,,,,
N1,1000081,link,N1_LRP036A_E_LRP036C,23.531251200307217,90.68761932703534,274.4999999999962,,,,,,
N1,1000082,bridge,N1_LRP036C_LRP036C_E,23.530188239999998,90.68979967,8.4,0,,,,,
N1,1000083,link,N1_LRP036C_E_LRP038D,23.530187772959998,90.68988087028,2827.5999999999967,,,,,,
N1,1000084,bridge,N1_LRP038D_LRP038E,23.5315271,90.7173604,17.000000000003013,0,,,,,
N1,1000085,link,N1_LRP038E_LRP040B,23.5315827,90.7176104,743.9999999999998,,,,,,
N1,1000086,bridge,N1_LRP040B_LRP040B_E,23.5324186,90.7242807234,22.450000000000003,2,,,,,
N1,1000087,link,N1_LRP040B_E_LRP040C,23.53244105,90.72448214929,533.5499999999981,,,,,,
N1,1000088,bridge,N1_LRP040C_LRP040C_E,23.531758783199997,90.7291780095,6.0,1,,,,,
N1,1000089,link,N1_LRP040C_E_LRP042A,23.531735949599998,90.7292296785,2362.000000000002,,,,,,
N1,1000090,bridge,N1_LRP042A_LRP042B,23.5293882,90.7514167,16.999999999995907,0,,,,,
N1,1000091,link,N1_LRP042B_LRP043A,23.5293882,90.7515833,691.0000000000025,,,,,,
N1,1000092,bridge,N1_LRP043A_LRP043A_E,23.5298050611,90.75825325,16.5,2,,,,,
N1,1000093,link,N1_LRP043A_E_LRP046A,23.52981468555,90.758414125,2211.500000000001,,,,,,
N1,1000094,bridge,N1_LRP046A_LRP046A_E,23.530765528220858,90.78007972515337,3.9,2,,,,,
N1,1000095,link,N1_LRP046A_E_LRP047A,23.530766990601226,90.78011800736196,1703.0999999999992,,,,,,
N1,1000096,bridge,N1_LRP047A_LRP047A_E,23.5309820288,90.79644108059999,6.5,2,,,,,
N1,1000097,link,N1_LRP047A_E_LRP048A,23.5309800424,90.79650283254999,794.4999999999923,,,,,,
N1,1000098,bridge,N1_LRP048A_LRP048B,23.5308882,90.8041389,20.000000000003126,0,,,,,
N1,1000099,link,N1_LRP048B_LRP049A,23.530916,90.8043611,692.0000000000002,,,,,,
N1,1000100,bridge,N1_LRP049A_LRP049A_E,23.5318234765,90.8110155135,15.9,1,,,,,
N1,1000101,link,N1_LRP049A_E_LRP050A,23.53184909299,90.81116743641,1463.0999999999972,,,,,,
N1,1000102,bridge,N1_LRP050A_LRP050B,23.5346663,90.8249716,15.999999999998238,0,,,,,
N1,1000103,link,N1_LRP050B_LRP051A,23.5347219,90.8251104,679.000000000002,,,,,,
N1,1000104,bridge,N1_LRP051A_LRP051A_E,23.5329743291,90.83097747619999,12.2,0,,,,,
N1,1000105,link,N1_LRP051A_E_LRP053A,23.53290993628,90.83107270696,1742.8000000000027,,,,,,
N1,1000106,bridge,N1_LRP053A_LRP053A_E,23.5229166652,90.8442186132,4.5,2,,,,,
N1,1000107,link,N1_LRP053A_E_LRP056A,23.522891165049998,90.84425236455,3015.499999999996,,,,,,
N1,1000108,bridge,N1_LRP056A_LRP056B,23.5133056,90.8703049,28.9,2,,,,,
N1,1000109,link,N1_LRP056B_LRP059A,23.5131111,90.8706382,3463.000000000001,,,,,,
N1,1000110,bridge,N1_LRP059A_LRP059A_E,23.5060024341,90.9021745389,5.9,1,,,,,
N1,1000111,link,N1_LRP059A_E_LRP061A,23.50600620361,90.90223222969,1986.1000000000004,,,,,,
N1,1000112,bridge,N1_LRP061A_LRP061A_E,23.5056131416,90.9214660218,3.0,1,,,,,
N1,1000113,link,N1_LRP061A_E_LRP064A,23.5056125584,90.9214951032,2265.0000000000005,,,,,,
N1,1000114,bridge,N1_LRP064A_LRP064A_E,23.5024077848,90.9432418928,6.0,1,,,,,
N1,1000115,link,N1_LRP064A_E_LRP064C,23.502394452,90.943299672,433.9999999999975,,,,,,
N1,1000116,bridge,N1_LRP064C_LRP064C_E,23.501355192400002,90.94738440889999,3.0,0,,,,,
N1,1000117,link,N1_LRP064C_E_LRP067A,23.5013476912,90.9474122432,2637.0000000000005,,,,,,
N1,1000118,bridge,N1_LRP067A_LRP067A_E,23.495896314,90.9715772516,4.6,1,,,,,
N1,1000119,link,N1_LRP067A_E_LRP068A,23.4958822587,90.97161903477999,1857.4000000000126,,,,,,
N1,1000120,bridge,N1_LRP068A_LRP068A_E,23.4932728146,90.9887200416,4.5,0,,,,,
N1,1000121,link,N1_LRP068A_E_LRP072A,23.49325881465,90.9887614164,2482.500000000002,,,,,,
N1,1000122,bridge,N1_LRP072A_LRP072B,23.4890552,91.0120278,22.825000000000003,2,,,,,
N1,1000123,link,N1_LRP072B_LRP075A,23.4889441,91.01225,3721.999999999994,,,,,,
N1,1000124,bridge,N1_LRP075A_LRP075A_E,23.48177157,91.046347025,4.6,1,,,,,
N1,1000125,link,N1_LRP075A_E_LRP076A,23.48177463636,91.0463917485,1028.4000000000049,,,,,,
N1,1000126,bridge,N1_LRP076A_LRP076A_E,23.4818564661,91.0563634161,4.6,1,,,,,
N1,1000127,link,N1_LRP076A_E_LRP077A,23.481853782920002,91.05640788292,1164.4000000000005,,,,,,
N1,1000128,bridge,N1_LRP077A_LRP077A_E,23.480613086,91.0674097692,1.5,0,,,,,
N1,1000129,link,N1_LRP077A_E_LRP079A,23.48061091925,91.06742368485,1899.5000000000175,,,,,,
N1,1000130,bridge,N1_LRP079A_LRP079A_E,23.4776722851,91.08474063930001,1.0,2,,,,,
N1,1000131,link,N1_LRP079A_E_LRP081A,23.4776734518,91.0847501674,2565.999999999988,,,,,,
N1,1000132,bridge,N1_LRP081A_LRP081A_E,23.478115976,91.10702438,3.0,1,,,,,
N1,1000133,link,N1_LRP081A_E_LRP083A,23.4781188929,91.1070617945,1484.9999999999995,,,,,,
N1,1000134,bridge,N1_LRP083A_LRP083A_E,23.479408388073395,91.12389208256882,1.4,0,,,,,
N1,1000135,link,N1_LRP083A_E_LRP083B,23.479410796330274,91.12390546155963,550.6000000000029,,,,,,
N1,1000136,bridge,N1_LRP083B_LRP083B_E,23.479544924,91.12904714400001,2.9,0,,,,,
N1,1000137,link,N1_LRP083B_E_LRP089A,23.47953517681,91.12907268111,4140.100000000004,,,,,,
N1,1000138,bridge,N1_LRP089A_LRP089B,23.448833,91.1471386,24.00000000000091,0,,,,,
N1,1000139,link,N1_LRP089B_LRP088A,23.4486386,91.1472497,556.999999999988,,,,,,
N1,1000140,bridge,N1_LRP088A_LRP088A_E,23.443633959827213,91.1493668151188,23.125,1,,,,,
N1,1000141,link,N1_LRP088A_E_LRP093A,23.443413363309936,91.14944866663068,2784.8750000000136,,,,,,
N1,1000142,bridge,N1_LRP093A_LRP093B,23.4235827,91.1629722,37.00000000000614,0,,,,,
N1,1000143,link,N1_LRP093B_LRP092A,23.423416,91.1632778,533.9999999999918,,,,,,
N1,1000144,bridge,N1_LRP092A_LRP092A_E,23.421248770491804,91.16789433723653,35.935,2,,,,,
N1,1000145,link,N1_LRP092A_E_LRP095A,23.421094485631148,91.16820992564402,1504.0650000000114,,,,,,
N1,1000146,bridge,N1_LRP095A_LRP095B,23.4131111,91.1846663,27.999999999991587,0,,,,,
N1,1000147,link,N1_LRP095B_LRP094A,23.4130556,91.1849163,939.9999999999977,,,,,,
N1,1000148,bridge,N1_LRP094A_LRP094A_E,23.411932423015873,91.19390298492064,27.625,2,,,,,
N1,1000149,link,N1_LRP094A_E_LRP099A,23.411899689583333,91.19416333958334,2717.3750000000036,,,,,,
N1,1000150,bridge,N1_LRP099A_LRP099B,23.40375,91.2176382,28.999999999996362,0,,,,,
N1,1000151,link,N1_LRP099B_LRP098A,23.4035556,91.2178049,883.0000000000098,,,,,,
N1,1000152,bridge,N1_LRP098A_LRP098A_E,23.397651819788774,91.22342213468596,27.625,1,,,,,
N1,1000153,link,N1_LRP098A_E_LRP102A,23.39746711771818,91.22359787206784,2786.3749999999927,,,,,,
N1,1000154,bridge,N1_LRP102A_LRP102B,23.3779716,91.2403608,30.000000000001137,0,,,,,
N1,1000155,link,N1_LRP102B_LRP101A,23.3777493,91.2405274,837.0000000000033,,,,,,
N1,1000156,bridge,N1_LRP101A_LRP101A_E,23.3713647755,91.24501754149999,30.439999999999998,0,,,,,
N1,1000157,link,N1_LRP101A_E_LRP105A,23.371133939847997,91.24518073338399,1645.5600000000031,,,,,,
N1,1000158,bridge,N1_LRP105A_LRP105B,23.3586389,91.25325,14.3,0,,,,,
N1,1000159,link,N1_LRP105B_LRP104A,23.3584444,91.2533333,817.9999999999978,,,,,,
N1,1000160,bridge,N1_LRP104A_LRP104A_E,23.352163677438135,91.25729107467248,22.84,2,,,,,
N1,1000161,link,N1_LRP104A_E_LRP108A,23.351995592326055,91.25741759231441,2213.159999999988,,,,,,
N1,1000162,bridge,N1_LRP108A_LRP108B,23.3360274,91.2700549,44.00000000001114,0,,,,,
N1,1000163,link,N1_LRP108B_LRP107A,23.3357219,91.2703049,783.0000000000013,,,,,,
N1,1000164,bridge,N1_LRP107A_LRP107A_E,23.3301462324,91.2748792824,24.0,0,,,,,
N1,1000165,link,N1_LRP107A_E_LRP110A,23.329964898,91.27500394799999,777.9999999999916,,,,,,
N1,1000166,bridge,N1_LRP110A_LRP110B,23.324166,91.2791104,19.2,1,,,,,
N1,1000167,link,N1_LRP110B_LRP109A,23.3240827,91.279166,793.9999999999969,,,,,,
N1,1000168,bridge,N1_LRP109A_LRP109A_E,23.318069686913848,91.28308673217012,9.2,0,,,,,
N1,1000169,link,N1_LRP109A_E_LRP111A,23.318000014721918,91.28313216130861,383.7999999999937,,,,,,
N1,1000170,bridge,N1_LRP111A_LRP111B,23.3149444,91.2844719,3.2,0,,,,,
N1,1000171,link,N1_LRP111B_LRP110C,23.31475,91.2845552,1359.9999999999995,,,,,,
N1,1000172,bridge,N1_LRP110C_LRP110C_E,23.3034483383,91.2889582383,2.6,1,,,,,
N1,1000173,link,N1_LRP110C_E_LRP113A,23.30342732172,91.28896842172,867.3999999999893,,,,,,
N1,1000174,bridge,N1_LRP113A_LRP113B,23.296083,91.2914997,4.6,1,,,,,
N1,1000175,link,N1_LRP113B_LRP112A,23.2959719,91.2915274,727.9999999999944,,,,,,
N1,1000176,bridge,N1_LRP112A_LRP112A_E,23.289741308700002,91.2930049,13.4,0,,,,,
N1,1000177,link,N1_LRP112A_E_LRP114A,23.28962964248,91.2930451,2194.599999999994,,,,,,
N1,1000178,bridge,N1_LRP114A_LRP114A_E,23.27301895,91.3029661882,6.3,1,,,,,
N1,1000179,link,N1_LRP114A_E_LRP116A,23.272966975,91.30298998834,1328.700000000012,,,,,,
N1,1000180,bridge,N1_LRP116A_LRP116A_E,23.261836094059408,91.30702173861386,3.0,1,,,,,
N1,1000181,link,N1_LRP116A_E_LRP116B,23.26180969108911,91.30702565792079,270.9999999999866,,,,,,
N1,1000182,bridge,N1_LRP116B_LRP116B_E,23.2594155974,91.3073839658,3.0,1,,,,,
N1,1000183,link,N1_LRP116B_E_LRP116C,23.2593888473,91.3073880491,196.00000000001216,,,,,,
N1,1000184,bridge,N1_LRP116C_LRP116C_E,23.257641174099998,91.3076548247,3.6,1,,,,,
N1,1000185,link,N1_LRP116C_E_LRP117A,23.25760907398,91.30765972466,545.3999999999866,,,,,,
N1,1000186,bridge,N1_LRP117A_LRP117A_E,23.252745905799998,91.3084020686,4.5,1,,,,,
N1,1000187,link,N1_LRP117A_E_LRP119B,23.25270578065,91.30840819355001,529.500000000013,,,,,,
N1,1000188,bridge,N1_LRP119B_LRP119C,23.248333,91.3098056,3.1,1,,,,,
N1,1000189,link,N1_LRP119C_LRP118A,23.2481663,91.3098889,456.00000000000307,,,,,,
N1,1000190,bridge,N1_LRP118A_LRP118A_E,23.244391512592593,91.31140322925926,2.5,1,,,,,
N1,1000191,link,N1_LRP118A_E_LRP118B,23.244371194074073,91.31141120240741,179.50000000000443,,,,,,
N1,1000192,bridge,N1_LRP118B_LRP118B_E,23.2428986662,91.31194295,19.2,1,,,,,
N1,1000193,link,N1_LRP118B_E_LRP118D,23.24273013244,91.31196695,338.799999999992,,,,,,
N1,1000194,bridge,N1_LRP118D_LRP118D_E,23.2397562138,91.31239045,2.6,0,,,,,
N1,1000195,link,N1_LRP118D_E_LRP119A,23.23973339152,91.3123937,419.4000000000102,,,,,,
N1,1000196,bridge,N1_LRP119A_LRP119A_E,23.2360519822,91.31291795,2.5,0,,,,,
N1,1000197,link,N1_LRP119A_E_LRP120A,23.2360300377,91.31292107499999,1138.4999999999934,,,,,,
N1,1000198,bridge,N1_LRP120A_LRP120A_E,23.22590563620438,91.31355272510949,2.6,1,,,,,
N1,1000199,link,N1_LRP120A_E_LRP120B,23.22588244078832,91.31355409570803,435.40000000000134,,,,,,
N1,1000200,bridge,N1_LRP120B_LRP120B_E,23.222023441645245,91.3139767807198,6.0,0,,,,,
N1,1000201,link,N1_LRP120B_E_LRP121B,23.221970313881748,91.31398299357326,1000.0,,,,,,
N1,1000202,bridge,N1_LRP121B_LRP121B_E,23.2132102538,91.315324123,14.3,1,,,,,
N1,1000203,link,N1_LRP121B_E_LRP122A,23.21308631999,91.31533921665,918.699999999987,,,,,,
N1,1000204,bridge,N1_LRP122A_LRP122A_E,23.2050620815,91.3163175813,6.1,0,,,,,
N1,1000205,link,N1_LRP122A_E_LRP123A,23.20500802635,91.31632418577,1029.8999999999978,,,,,,
N1,1000206,bridge,N1_LRP123A_LRP123A_E,23.196177566499998,91.317833912,6.1,0,,,,,
N1,1000207,link,N1_LRP123A_E_LRP124A,23.19612859753,91.31784729784,1071.8999999999994,,,,,,
N1,1000208,bridge,N1_LRP124A_LRP124A_E,23.18743502543021,91.32090513173996,6.1,2,,,,,
N1,1000209,link,N1_LRP124A_E_LRP126A,23.18738480715105,91.32092845869981,83.89999999999986,,,,,,
N1,1000210,bridge,N1_LRP126A_LRP126B,23.1866941,91.3212493,3.1,1,,,,,
N1,1000211,link,N1_LRP126B_LRP125A,23.1866108,91.3212771,563.0000000000024,,,,,,
N1,1000212,bridge,N1_LRP125A_LRP125A_E,23.181794288928256,91.32103447254208,9.5,1,,,,,
N1,1000213,link,N1_LRP125A_E_LRP128A,23.18171248122232,91.32102979743136,1567.4999999999955,,,,,,
N1,1000214,bridge,N1_LRP128A_LRP128B,23.1681382,91.3213604,6.3,1,,,,,
N1,1000215,link,N1_LRP128B_LRP127A,23.1680549,91.3213604,510.9999999999957,,,,,,
N1,1000216,bridge,N1_LRP127A_LRP127A_E,23.163519623800003,91.3216255238,9.5,0,,,,,
N1,1000217,link,N1_LRP127A_E_LRP129A,23.1634367629,91.3216424129,2309.5,,,,,,
N1,1000218,bridge,N1_LRP129A_LRP129A_E,23.143677984,91.326542129,3.5,1,,,,,
N1,1000219,link,N1_LRP129A_E_LRP130A,23.1436466786,91.32654076785,520.4999999999984,,,,,,
N1,1000220,bridge,N1_LRP130A_LRP130A_E,23.1389911184,91.3263383454,6.1,1,,,,,
N1,1000221,link,N1_LRP130A_E_LRP131A,23.13893655756,91.32633597310999,657.9000000000121,,,,,,
N1,1000222,bridge,N1_LRP131A_LRP131A_E,23.1332284424,91.3275732632,3.0,1,,,,,
N1,1000223,link,N1_LRP131A_E_LRP131B,23.1332025248,91.3275798464,954.0000000000077,,,,,,
N1,1000224,bridge,N1_LRP131B_LRP131B_E,23.125214083892615,91.3303943489933,6.5,0,,,,,
N1,1000225,link,N1_LRP131B_E_LRP132A,23.125161007248323,91.33041737295302,658.5000000000036,,,,,,
N1,1000226,bridge,N1_LRP132A_LRP132A_E,23.119742482608693,91.3327996826087,4.5,1,,,,,
N1,1000227,link,N1_LRP132A_E_LRP133A,23.11970670271739,91.3328164402174,497.5000000000023,,,,,,
N1,1000228,bridge,N1_LRP133A_LRP133A_E,23.1158251554,91.335094485,5.3,1,,,,,
N1,1000229,link,N1_LRP133A_E_LRP134A,23.115783936769997,91.33511951425001,1070.699999999988,,,,,,
N1,1000230,bridge,N1_LRP134A_LRP134A_E,23.107414559119494,91.34005037132076,6.1,0,,,,,
N1,1000231,link,N1_LRP134A_E_LRP135A,23.10736660314465,91.34007765328302,711.8999999999858,,,,,,
N1,1000232,bridge,N1_LRP135A_LRP135A_E,23.10175826,91.34317246799999,3.1,1,,,,,
N1,1000233,link,N1_LRP135A_E_LRP135B,23.1017337173,91.34318547064,549.900000000008,,,,,,
N1,1000234,bridge,N1_LRP135B_LRP135B_E,23.097380159,91.3454919712,9.5,1,,,,,
N1,1000235,link,N1_LRP135B_E_LRP136A,23.0973049475,91.345531818,538.4999999999991,,,,,,
N1,1000236,bridge,N1_LRP136A_LRP136A_E,23.0930239238,91.3478708808,3.1,0,,,,,
N1,1000237,link,N1_LRP136A_E_LRP136C,23.09299920998,91.34788465968,745.9000000000344,,,,,,
N1,1000238,bridge,N1_LRP136C_LRP136C_E,23.087075371014492,91.35121014927536,9.25,1,,,,,
N1,1000239,link,N1_LRP136C_E_LRP137A,23.08700461789855,91.35125260007246,642.7499999999782,,,,,,
N1,1000240,bridge,N1_LRP137A_LRP137A_E,23.08199095313093,91.35418114743833,3.5,0,,,,,
N1,1000241,link,N1_LRP137A_E_LRP139B,23.081963278557875,91.3541970129981,146.50000000000318,,,,,,
N1,1000242,bridge,N1_LRP139B_LRP139C,23.0808049,91.3548611,16.999999999995907,0,,,,,
N1,1000243,link,N1_LRP139C_LRP137B,23.0806938,91.3549444,356.9999999999993,,,,,,
N1,1000244,bridge,N1_LRP137B_LRP137B_E,23.077937300000002,91.3565120796,14.2,1,,,,,
N1,1000245,link,N1_LRP137B_E_LRP138A,23.0778237,91.35657085198,942.8000000000054,,,,,,
N1,1000246,bridge,N1_LRP138A_LRP138A_E,23.070198184,91.3603022,6.1,1,,,,,
N1,1000247,link,N1_LRP138A_E_LRP140A,23.070145193854547,91.36031883636363,1090.9000000000049,,,,,,
N1,1000248,bridge,N1_LRP140A_LRP140A_E,23.060798174280574,91.36222716996403,4.0,1,,,,,
N1,1000249,link,N1_LRP140A_E_LRP142A,23.060763401978416,91.36223466384892,2574.0000000000123,,,,,,
N1,1000250,bridge,N1_LRP142A_LRP142A_E,23.037972805555555,91.3656784724359,10.8,0,,,,,
N1,1000251,link,N1_LRP142A_E_LRP145A,23.037885625555553,91.36568167782052,3397.199999999998,,,,,,
N1,1000252,bridge,N1_LRP145A_LRP145A_E,23.012466319742703,91.37802051528946,3.4,0,,,,,
N1,1000253,link,N1_LRP145A_E_LRP148A,23.012447159792185,91.3780459377338,2353.6000000000004,,,,,,
N1,1000254,bridge,N1_LRP148A_LRP148A_E,22.999248756,91.3957752,1.5,0,,,,,
N1,1000255,link,N1_LRP148A_E_LRP151A,22.99924050555,91.395786825,603.5000000000252,,,,,,
N1,1000256,bridge,N1_LRP151A_LRP151B,22.9961941,91.4005,22.999999999996135,0,,,,,
N1,1000257,link,N1_LRP151B_LRP149B,22.9960552,91.4006667,250.0,,,,,,
N1,1000258,bridge,N1_LRP149B_LRP149A_E,22.994593613304254,91.40245391374046,22.15,0,22.15,22.15,0,0,1
N1,1000259,link,N1_LRP149A_E_LRP149C,22.994592853279173,91.4024548430916,320.8699999999851,,,,,,
N1,1000260,bridge,N1_LRP149C_LRP149C_E,22.992716935986913,91.4047486961832,1.9,0,,,,,
N1,1000261,link,N1_LRP149C_E_LRP156A,22.992705827928027,91.40476227900764,5175.099999999986,,,,,,
N1,1000262,bridge,N1_LRP156A_LRP156B,22.9624167,91.4416941,109.00000000000887,0,,,,,
N1,1000263,link,N1_LRP156B_LRP159A,22.9618056,91.4424997,4250.0,,,,,,
N1,1000264,bridge,N1_LRP159A_LRP159A_E,22.948603866666666,91.47949938333333,1.5,0,,,,,
N1,1000265,link,N1_LRP159A_E_LRP161A,22.948605726785715,91.47951376875,2346.499999999992,,,,,,
N1,1000266,bridge,N1_LRP161A_LRP163B,22.94961260900474,91.50206689952607,192.36,1,193.22,193.22,1,1,1
N1,1000267,link,N1_LRP163B_LRP166A,22.949583,91.5027778,4728.999999999985,,,,,,
N1,1000268,bridge,N1_LRP166A_LRP168B,22.91496470614035,91.52628953508771,221.515,0,222.43,222.43,0,0,1
N1,1000269,link,N1_LRP168B_LRP166C,22.9138056,91.5268604,500.0,,,,,,
N1,1000270,bridge,N1_LRP166C_LRP166C_E,22.909712888401256,91.52892850344827,6.1,0,,,,,
N1,1000271,link,N1_LRP166C_E_LRP167A,22.90966295731975,91.52895373431035,647.9000000000212,,,,,,
N1,1000272,bridge,N1_LRP167A_LRP167A_E,22.9043263,91.531491834,3.0,0,,,,,
N1,1000273,link,N1_LRP167A_E_LRP169A,22.90430155,91.5315034185,1480.9999999999945,,,,,,
N1,1000274,bridge,N1_LRP169A_LRP169A_E,22.8916386,91.5354719,3.0,0,,,,,
N1,1000275,link,N1_LRP169A_E_LRP171A,22.8916126821,91.5354799832,1967.000000000013,,,,,,
N1,1000276,bridge,N1_LRP171A_LRP171A_E,22.874700465,91.540887732,4.3,0,,,,,
N1,1000277,link,N1_LRP171A_E_LRP171B,22.87466367635,91.54089979608,236.70000000001323,,,,,,
N1,1000278,bridge,N1_LRP171B_LRP171B_E,22.872685600300002,91.5416107658,2.0,0,,,,,
N1,1000279,link,N1_LRP171B_E_LRP171C,22.872668934900002,91.5416168214,548.9999999999782,,,,,,
N1,1000280,bridge,N1_LRP171C_LRP171C_E,22.8680942826,91.5432790836,1.5,0,,,,,
N1,1000281,link,N1_LRP171C_E_LRP172A,22.86808178355,91.5432836253,827.5000000000148,,,,,,
N1,1000282,bridge,N1_LRP172A_LRP172A_E,22.8610547995,91.5449682899,4.3,0,,,,,
N1,1000283,link,N1_LRP172A_E_LRP172B,22.86101801085,91.54497533717,169.70000000000596,,,,,,
N1,1000284,bridge,N1_LRP172B_LRP172B_E,22.8595661425,91.5452534585,2.0,0,,,,,
N1,1000285,link,N1_LRP172B_E_LRP173A,22.859549031500002,91.5452567363,391.9999999999959,,,,,,
N1,1000286,bridge,N1_LRP173A_LRP173A_E,22.856142201300003,91.5457534298,1.5,0,,,,,
N1,1000287,link,N1_LRP173A_E_LRP173B,22.85612886735,91.54575451310001,106.49999999998272,,,,,,
N1,1000288,bridge,N1_LRP173B_LRP173B_E,22.8551821569,91.5458314274,1.5,0,,,,,
N1,1000289,link,N1_LRP173B_E_LRP174A,22.855168822950002,91.54583251070001,737.5000000000114,,,,,,
N1,1000290,bridge,N1_LRP174A_LRP174A_E,22.848617276470588,91.5463706117647,8.5,0,,,,,
N1,1000291,link,N1_LRP174A_E_LRP176A,22.848547826470586,91.5463845117647,2.4999999999977263,,,,,,
N1,1000292,bridge,N1_LRP176A_LRP176B,22.8485274,91.5463886,12.4,2,,,,,
N1,1000293,link,N1_LRP176B_LRP174B,22.8484441,91.5464163,359.9999999999852,,,,,,
N1,1000294,bridge,N1_LRP174B_LRP174B_E,22.845391489473684,91.54746892105264,3.0,0,,,,,
N1,1000295,link,N1_LRP174B_E_LRP174C,22.84536605105263,91.54747769289474,232.00000000002774,,,,,,
N1,1000296,bridge,N1_LRP174C_LRP174C_E,22.8434551375,91.54814955625,1.5,0,,,,,
N1,1000297,link,N1_LRP174C_E_LRP175A,22.84344281125,91.54815389687501,272.50000000000796,,,,,,
N1,1000298,bridge,N1_LRP175A_LRP175A_E,22.841094333427762,91.54880969518413,3.0,0,,,,,
N1,1000299,link,N1_LRP175A_E_LRP175B,22.84106836515581,91.54881677705383,942.0000000000073,,,,,,
N1,1000300,bridge,N1_LRP175B_LRP175B_E,22.832746769241982,91.55010350145773,3.0,0,,,,,
N1,1000301,link,N1_LRP175B_E_LRP179A,22.83272113586006,91.55010836180759,2440.0000000000264,,,,,,
N1,1000302,bridge,N1_LRP179A_LRP179A_E,22.81156343764706,91.55625621294118,9.5,1,,,,,
N1,1000303,link,N1_LRP179A_E_LRP181A,22.811477286617645,91.55627872235294,2106.4999999999827,,,,,,
N1,1000304,bridge,N1_LRP181A_LRP181A_E,22.79421341295337,91.56305365958549,4.5,0,,,,,
N1,1000305,link,N1_LRP181A_E_LRP182A,22.794176754974092,91.56307270088082,1482.4999999999875,,,,,,
N1,1000306,bridge,N1_LRP182A_LRP182A_E,22.782196891851108,91.56910256619719,23.2,1,,,,,
N1,1000307,link,N1_LRP182A_E_LRP183B,22.782009515674044,91.56919461464788,951.7999999999915,,,,,,
N1,1000308,bridge,N1_LRP183B_LRP183B_E,22.774197092,91.57287375199999,6.0,0,,,,,
N1,1000309,link,N1_LRP183B_E_LRP184A,22.774148671368422,91.57289936505263,487.0000000000232,,,,,,
N1,1000310,bridge,N1_LRP184A_LRP184A_E,22.767877188110404,91.57688419766454,9.7,0,,,,,
N1,1000311,link,N1_LRP184A_E_LRP185A,22.767736472208068,91.57697744329087,968.2999999999709,,,,,,
N1,1000312,bridge,N1_LRP185A_LRP185A_E,22.7631597148,91.5805437425,4.0,0,,,,,
N1,1000313,link,N1_LRP185A_E_LRP186A,22.7631319372,91.5805676325,1354.0000000000134,,,,,,
N1,1000314,bridge,N1_LRP186A_LRP186A_E,22.753565324512195,91.58860042365853,12.9,0,,,,,
N1,1000315,link,N1_LRP186A_E_LRP187A,22.753472682060977,91.58867646129268,116.09999999998877,,,,,,
N1,1000316,bridge,N1_LRP187A_LRP187B,22.7526389,91.5893608,8.1,1,,,,,
N1,1000317,link,N1_LRP187B_LRP190A,22.7525,91.5894719,3543.9999999999827,,,,,,
N1,1000318,bridge,N1_LRP190A_LRP190A_E,22.7233567129,91.6025300586,3.0,0,,,,,
N1,1000319,link,N1_LRP190A_E_LRP191A,22.723333213,91.602543642,705.0000000000125,,,,,,
N1,1000320,bridge,N1_LRP191A_LRP191A_E,22.717824386538464,91.60576233076922,3.0,0,,,,,
N1,1000321,link,N1_LRP191A_E_LRP191B,22.71780131769231,91.60577675384614,69.00000000001683,,,,,,
N1,1000322,bridge,N1_LRP191B_LRP191B_E,22.71727073423077,91.60610848461538,3.0,0,,,,,
N1,1000323,link,N1_LRP191B_E_LRP191C,22.717247665384615,91.6061229076923,447.00000000003115,,,,,,
N1,1000324,bridge,N1_LRP191C_LRP191C_E,22.7138626976825,91.60824416871378,19.2,2,,,,,
N1,1000325,link,N1_LRP191C_E_LRP193A,22.71371190537659,91.60833007258401,1507.7999999999747,,,,,,
N1,1000326,bridge,N1_LRP193A_LRP193A_E,22.701816503937007,91.61497346089239,19.2,0,,,,,
N1,1000327,link,N1_LRP193A_E_LRP194A,22.70166112,91.61505185333334,1281.7999999999756,,,,,,
N1,1000328,bridge,N1_LRP194A_LRP194A_E,22.6913539744,91.6200792124,4.2,0,,,,,
N1,1000329,link,N1_LRP194A_E_LRP195A,22.69132002412,91.62009542902,537.8000000000043,,,,,,
N1,1000330,bridge,N1_LRP195A_LRP195A_E,22.68687738130841,91.62205698411215,3.2,0,,,,,
N1,1000331,link,N1_LRP195A_E_LRP196A,22.68685079788162,91.62206847619937,1195.8000000000197,,,,,,
N1,1000332,bridge,N1_LRP196A_LRP196A_E,22.6770604,91.626561763,6.0,0,,,,,
N1,1000333,link,N1_LRP196A_E_LRP197A,22.6770109,91.626583096,842.9999999999893,,,,,,
N1,1000334,bridge,N1_LRP197A_LRP197A_E,22.669959439130434,91.62935316956522,3.0,0,,,,,
N1,1000335,link,N1_LRP197A_E_LRP197B,22.66993341798419,91.62936255671937,500.0000000000284,,,,,,
N1,1000336,bridge,N1_LRP197B_LRP197B_E,22.665783898108106,91.63112935810811,3.0,0,,,,,
N1,1000337,link,N1_LRP197B_E_LRP198A,22.66576003027027,91.63114107027027,534.0000000000202,,,,,,
N1,1000338,bridge,N1_LRP198A_LRP198A_E,22.6615878016,91.6335999268,3.0,0,,,,,
N1,1000339,link,N1_LRP198A_E_LRP199A,22.661564468199998,91.63361426109999,884.0000000000146,,,,,,
N1,1000340,bridge,N1_LRP199A_LRP199A_E,22.654712429411767,91.63792617647059,3.1,0,,,,,
N1,1000341,link,N1_LRP199A_E_LRP199B,22.654688549859944,91.63794185535015,461.89999999998577,,,,,,
N1,1000342,bridge,N1_LRP199B_LRP199B_E,22.651070954744526,91.64003411946472,4.6,0,,,,,
N1,1000343,link,N1_LRP199B_E_LRP199C,22.651034265547445,91.64005277352798,451.4000000000067,,,,,,
N1,1000344,bridge,N1_LRP199C_LRP199C_E,22.6474492747,91.6419409502,12.4,0,,,,,
N1,1000345,link,N1_LRP199C_E_LRP201A,22.64735110762,91.64199399492,1420.599999999979,,,,,,
N1,1000346,bridge,N1_LRP201A_LRP201A_E,22.636038977756833,91.64819068916117,3.0,0,,,,,
N1,1000347,link,N1_LRP201A_E_LRP201B,22.63601494297832,91.64820404128182,220.00000000002728,,,,,,
N1,1000348,bridge,N1_LRP201B_LRP201B_E,22.634252392554192,91.64918319679548,3.0,0,,,,,
N1,1000349,link,N1_LRP201B_E_LRP202A,22.634228357775683,91.64919654891612,771.9999999999914,,,,,,
N1,1000350,bridge,N1_LRP202A_LRP202A_E,22.6281380681,91.6527860292,3.0,0,,,,,
N1,1000351,link,N1_LRP202A_E_LRP202B,22.6281144848,91.6528001136,295.0000000000159,,,,,,
N1,1000352,bridge,N1_LRP202B_LRP202B_E,22.6257954603,91.6541850796,6.1,1,,,,,
N1,1000353,link,N1_LRP202B_E_LRP203A,22.62574750759,91.65421371788,336.9000000000142,,,,,,
N1,1000354,bridge,N1_LRP203A_LRP203A_E,22.623006915217392,91.65542452282608,3.0,0,,,,,
N1,1000355,link,N1_LRP203A_E_LRP204C,22.622982307608698,91.65543448641304,442.0000000000073,,,,,,
N1,1000356,bridge,N1_LRP204C_LRP204D,22.6194993,91.6568889,20.000000000010232,0,,,,,
N1,1000357,link,N1_LRP204D_LRP203B,22.6180271,91.6578333,137.00000000000045,,,,,,
N1,1000358,bridge,N1_LRP203B_LRP203B_E,22.617756349011856,91.65805894387351,3.0,0,,,,,
N1,1000359,link,N1_LRP203B_E_LRP204A,22.617750420158103,91.65806388498024,475.9999999999991,,,,,,
N1,1000360,bridge,N1_LRP204A_LRP204A_E,22.61498673630573,91.66025388280255,4.6,0,4.6,4.6,0,0,1
N1,1000361,link,N1_LRP204A_E_LRP205A,22.61495316875796,91.66027931611465,431.39999999999645,,,,,,
N1,1000362,bridge,N1_LRP205A_LRP205A_E,22.61175567419355,91.66256867311829,3.0,0,,,,,
N1,1000363,link,N1_LRP205A_E_LRP206A,22.611731928225804,91.66258166586022,1019.0000000000055,,,,,,
N1,1000364,bridge,N1_LRP206A_LRP206A_E,22.603840295507815,91.66739732539062,2.95,0,,,,,
N1,1000365,link,N1_LRP206A_E_LRP206B,22.60381764878418,91.66741172795898,191.05000000001837,,,,,,
N1,1000366,bridge,N1_LRP206B_LRP206B_E,22.602350985546877,91.66834447734375,4.5,1,,,,,
N1,1000367,link,N1_LRP206B_E_LRP206C,22.602316439697265,91.66836644736328,686.4999999999952,,,,,,
N1,1000368,bridge,N1_LRP206C_LRP206C_E,22.597166576651983,91.671819207489,9.3,1,,,,,
N1,1000369,link,N1_LRP206C_E_LRP207A,22.597095260264318,91.67186662519823,413.6999999999773,,,,,,
N1,1000370,bridge,N1_LRP207A_LRP207A_E,22.593886537939916,91.67388377296137,4.5,0,,,,,
N1,1000371,link,N1_LRP207A_E_LRP208A,22.5938501644206,91.6739001892704,845.5000000000155,,,,,,
N1,1000372,bridge,N1_LRP208A_LRP208A_E,22.587015984291845,91.67698463133048,22.25,2,,,,,
N1,1000373,link,N1_LRP208A_E_LRP209A,22.58683613744635,91.67706580085837,395.7499999999641,,,,,,
N1,1000374,bridge,N1_LRP209A_LRP209B,22.5836663,91.6784716,10.2,0,,,,,
N1,1000375,link,N1_LRP209B_LRP208D,22.5834997,91.6785827,241.00000000001387,,,,,,
N1,1000376,bridge,N1_LRP208D_LRP208D_E,22.581508674635568,91.67953904139942,2.5,0,,,,,
N1,1000377,link,N1_LRP208D_E_LRP210A,22.58148802084548,91.67954896195336,990.4999999999973,,,,,,
N1,1000378,bridge,N1_LRP210A_LRP210B,22.5731938,91.6830827,8.2,0,,,,,
N1,1000379,link,N1_LRP210B_LRP210D,22.5730549,91.6831938,788.9999999999873,,,,,,
N1,1000380,bridge,N1_LRP210D_LRP210D_E,22.566414830022076,91.68519053443708,4.5,0,,,,,
N1,1000381,link,N1_LRP210D_E_LRP211B,22.566376756843265,91.6852026754967,264.4999999999982,,,,,,
N1,1000382,bridge,N1_LRP211B_LRP211C,22.5641389,91.6859163,14.000000000010004,0,,,,,
N1,1000383,link,N1_LRP211C_LRP211A,22.564,91.6859441,640.9999999999911,,,,,,
N1,1000384,bridge,N1_LRP211A_LRP211A_E,22.55852108626198,91.687506242492,4.1,0,,,,,
N1,1000385,link,N1_LRP211A_E_LRP212A,22.55848603453674,91.6875170369755,485.9000000000151,,,,,,
N1,1000386,bridge,N1_LRP212A_LRP212A_E,22.554331977635783,91.68879631490948,21.6,1,,,,,
N1,1000387,link,N1_LRP212A_E_LRP213A,22.55414731488818,91.68885318340787,463.3999999999787,,,,,,
N1,1000388,bridge,N1_LRP213A_LRP213B,22.5503056,91.6902774,5.2,0,,,,,
N1,1000389,link,N1_LRP213B_LRP214A,22.5501667,91.6903886,1402.9999999999916,,,,,,
N1,1000390,bridge,N1_LRP214A_LRP214A_E,22.53904465974026,91.69650027972028,8.2,0,,,,,
N1,1000391,link,N1_LRP214A_E_LRP215A,22.53897593948052,91.69652826867133,1041.8000000000234,,,,,,
N1,1000392,bridge,N1_LRP215A_LRP215A_E,22.5303615604,91.7004522881,3.0,0,,,,,
N1,1000393,link,N1_LRP215A_E_LRP215B,22.530336976,91.700464289,900.0000000000057,,,,,,
N1,1000394,bridge,N1_LRP215B_LRP215B_E,22.522935916718914,91.70383661630095,16.3,1,,,,,
N1,1000395,link,N1_LRP215B_E_LRP216A,22.522801549874607,91.70389481087774,410.6999999999914,,,,,,
N1,1000396,bridge,N1_LRP216A_LRP216B,22.519416,91.7053611,18.000000000000682,0,,,,,
N1,1000397,link,N1_LRP216B_LRP217A,22.519265407228914,91.70540328072288,341.0000000000082,,,,,,
N1,1000398,bridge,N1_LRP217A_LRP217B,22.5165556,91.7065833,34.055,1,,,,,
N1,1000399,link,N1_LRP217B_LRP217D,22.5161667,91.70675,375.99999999997635,,,,,,
N1,1000400,bridge,N1_LRP217D_LRP217E,22.5131389,91.7080833,40.99999999999682,0,,,,,
N1,1000401,link,N1_LRP217E_LRP218A,22.5127778,91.7082222,406.0000000000059,,,,,,
N1,1000402,bridge,N1_LRP218A_LRP218B,22.5094444,91.7096389,17.6,0,,,,,
N1,1000403,link,N1_LRP218B_LRP218C,22.5093611,91.7096944,239.00000000000432,,,,,,
N1,1000404,bridge,N1_LRP218C_LRP218D,22.5074444,91.7105556,18.000000000000682,0,,,,,
N1,1000405,link,N1_LRP218D_LRP219A,22.5073056,91.7106389,1271.9999999999914,,,,,,
N1,1000406,bridge,N1_LRP219A_LRP219B,22.4969163,91.7155556,3.0,1,,,,,
N1,1000407,link,N1_LRP219B_LRP220A,22.4968052,91.7156389,1342.000000000013,,,,,,
N1,1000408,bridge,N1_LRP220A_LRP220A_E,22.485545895193216,91.71951994901038,4.5,0,,,,,
N1,1000409,link,N1_LRP220A_E_LRP220B,22.48550701663525,91.71953043430726,494.49999999998795,,,,,,
N1,1000410,bridge,N1_LRP220B_LRP220B_E,22.481164214476614,91.72036336325168,23.765,2,,,,,
N1,1000411,link,N1_LRP220B_E_LRP221B,22.480955431806237,91.72040305979955,390.2349999999899,,,,,,
N1,1000412,bridge,N1_LRP221B_LRP221C,22.4775271,91.7210549,25.000000000005684,0,,,,,
N1,1000413,link,N1_LRP221C_LRP221A,22.4773049,91.7211104,546.999999999997,,,,,,
N1,1000414,bridge,N1_LRP221A_LRP221A_E,22.472853089354473,91.72326335413364,6.0,0,,,,,
N1,1000415,link,N1_LRP221A_E_LRP223A,22.472804958210645,91.72328864654587,1292.0000000000016,,,,,,
N1,1000416,bridge,N1_LRP223A_LRP223A_E,22.4624386352,91.7285307,23.759999999999998,2,,,,,
N1,1000417,link,N1_LRP223A_E_LRP224A,22.462245932096003,91.72862574,423.23999999999273,,,,,,
N1,1000418,bridge,N1_LRP224A_LRP224B,22.4588333,91.7303604,3.0,0,,,,,
N1,1000419,link,N1_LRP224B_LRP225A,22.4586389,91.7304716,1489.0000000000043,,,,,,
N1,1000420,bridge,N1_LRP225A_LRP225A_E,22.44607933324115,91.73536742870576,26.3,2,,,,,
N1,1000421,link,N1_LRP225A_E_LRP226A,22.445857495359512,91.73545390304757,396.7000000000098,,,,,,
N1,1000422,bridge,N1_LRP226A_LRP226B,22.4424997,91.7366663,40.0,0,,,,,
N1,1000423,link,N1_LRP226B_LRP227B,22.4422219,91.7367497,1373.0000000000189,,,,,,
N1,1000424,bridge,N1_LRP227B_LRP227C,22.4307493,91.7415274,42.999999999977945,0,,,,,
N1,1000425,link,N1_LRP227C_LRP228A,22.4304438,91.7417219,1145.0000000000102,,,,,,
N1,1000426,bridge,N1_LRP228A_LRP228A_E,22.4220415536,91.7480209792,35.1,1,,,,,
N1,1000427,link,N1_LRP228A_E_LRP229A,22.42179292626,91.74822377647,433.8999999999942,,,,,,
N1,1000428,bridge,N1_LRP229A_LRP229B,22.4185549,91.7504722,38.000000000010914,0,,,,,
N1,1000429,link,N1_LRP229B_LRP230A,22.4182771,91.7506667,1819.9999999999932,,,,,,
N1,1000430,bridge,N1_LRP230A_LRP230A_E,22.403023167857143,91.75657977361111,5.0,0,,,,,
N1,1000431,link,N1_LRP230A_E_LRP231B,22.4029799,91.75659107222222,475.9999999999991,,,,,,
N1,1000432,bridge,N1_LRP231B_LRP231C,22.3988608,91.7576667,18.0,0,,,,,
N1,1000433,link,N1_LRP231C_LRP231A,22.3988052,91.7576667,280.00000000000114,,,,,,
N1,1000434,bridge,N1_LRP231A_LRP231A_E,22.396339883026585,91.7582551580777,3.0,0,,,,,
N1,1000435,link,N1_LRP231A_E_LRP232C,22.39631346891616,91.75826146298569,833.0000000000268,,,,,,
N1,1000436,bridge,N1_LRP232C_LRP232D,22.3892497,91.7605,58.9999999999975,0,,,,,
N1,1000437,link,N1_LRP232D_LRP232A,22.3887497,91.7607222,437.9999999999882,,,,,,
N1,1000438,bridge,N1_LRP232A_LRP232A_E,22.3852982628,91.7625462256,3.0,0,,,,,
N1,1000439,link,N1_LRP232A_E_LRP233A,22.3852772619,91.7625634738,788.0000000000109,,,,,,
N1,1000440,bridge,N1_LRP233A_LRP233A_E,22.379761025500002,91.767094001,8.3,0,,,,,
N1,1000441,link,N1_LRP233A_E_LRP234A,22.37970292301,91.76714172102001,512.7000000000237,,,,,,
N1,1000442,bridge,N1_LRP234A_LRP234B,22.3764716,91.770416,3.0,0,,,,,
N1,1000443,link,N1_LRP234B_LRP236A,22.3762254893617,91.77054326631206,10554.999999999978,,,,,,
N1,1000444,bridge,N1_LRP236A_LRP236A_E,22.3598511,91.852140004,4.65,2,,,,,
N1,1000445,link,N1_LRP236A_E_LRP246A,22.359811575000002,91.85215085431,506.34999999999764,,,,,,
N1,1000446,source,N1_LRP246A,22.359811575000002,91.85215085431,0.0,,,,,,
